{"AAPL": 0.004166811596924488, "NVDA": 0.0006663087483753593, "MSFT": 0.007688124173194488, "GOOG": 0.007509653345479073, "AMZN": 0.0005870801518671798, "META": 0.005524006900645975, "TSLA": 0.02300286302129655, "WMT": 0, "JPM": 0, "UNH": 0.001115902245650857, "XOM": 0, "V": 0, "ORCL": 0.00011119998684018299}